"Date","Source","Site ID","POC","Daily Mean PM2.5 Concentration","UNITS","DAILY_AQI_VALUE","Site Name","DAILY_OBS_COUNT","PERCENT_COMPLETE","AQS_PARAMETER_CODE","AQS_PARAMETER_DESC","CBSA_CODE","CBSA_NAME","STATE_CODE","STATE","COUNTY_CODE","COUNTY","SITE_LATITUDE","SITE_LONGITUDE"
"02/03/2020","AQS","360810124","1","8.4","ug/m3 LC","35","QUEENS COLLEGE 2","1","100.0000","88101","PM2.5 - Local Conditions","35620","New York-Newark-Jersey City, NY-NJ-PA","36","New York","081","Queens","40.73614","-73.82153"
"02/06/2020","AQS","360810124","1","4.5","ug/m3 LC","19","QUEENS COLLEGE 2","1","100.0000","88101","PM2.5 - Local Conditions","35620","New York-Newark-Jersey City, NY-NJ-PA","36","New York","081","Queens","40.73614","-73.82153"
"02/09/2020","AQS","360810124","1","6.8","ug/m3 LC","28","QUEENS COLLEGE 2","1","100.0000","88101","PM2.5 - Local Conditions","35620","New York-Newark-Jersey City, NY-NJ-PA","36","New York","081","Queens","40.73614","-73.82153"
"02/12/2020","AQS","360810124","1","8","ug/m3 LC","33","QUEENS COLLEGE 2","1","100.0000","88101","PM2.5 - Local Conditions","35620","New York-Newark-Jersey City, NY-NJ-PA","36","New York","081","Queens","40.73614","-73.82153"
"02/15/2020","AQS","360810124","1","4.6","ug/m3 LC","19","QUEENS COLLEGE 2","1","100.0000","88101","PM2.5 - Local Conditions","35620","New York-Newark-Jersey City, NY-NJ-PA","36","New York","081","Queens","40.73614","-73.82153"
"02/18/2020","AQS","360810124","1","9.2","ug/m3 LC","38","QUEENS COLLEGE 2","1","100.0000","88101","PM2.5 - Local Conditions","35620","New York-Newark-Jersey City, NY-NJ-PA","36","New York","081","Queens","40.73614","-73.82153"
"02/21/2020","AQS","360810124","1","4","ug/m3 LC","17","QUEENS COLLEGE 2","1","100.0000","88101","PM2.5 - Local Conditions","35620","New York-Newark-Jersey City, NY-NJ-PA","36","New York","081","Queens","40.73614","-73.82153"
"02/24/2020","AQS","360810124","1","22.9","ug/m3 LC","74","QUEENS COLLEGE 2","1","100.0000","88101","PM2.5 - Local Conditions","35620","New York-Newark-Jersey City, NY-NJ-PA","36","New York","081","Queens","40.73614","-73.82153"
"01/01/2020","AQS","360810124","4","1.3","ug/m3 LC","5","QUEENS COLLEGE 2","1","100.0000","88101","PM2.5 - Local Conditions","35620","New York-Newark-Jersey City, NY-NJ-PA","36","New York","081","Queens","40.73614","-73.82153"
"01/02/2020","AQS","360810124","4","8.2","ug/m3 LC","34","QUEENS COLLEGE 2","1","100.0000","88101","PM2.5 - Local Conditions","35620","New York-Newark-Jersey City, NY-NJ-PA","36","New York","081","Queens","40.73614","-73.82153"
"01/03/2020","AQS","360810124","4","12.5","ug/m3 LC","52","QUEENS COLLEGE 2","1","100.0000","88101","PM2.5 - Local Conditions","35620","New York-Newark-Jersey City, NY-NJ-PA","36","New York","081","Queens","40.73614","-73.82153"
"01/04/2020","AQS","360810124","4","10","ug/m3 LC","42","QUEENS COLLEGE 2","1","100.0000","88101","PM2.5 - Local Conditions","35620","New York-Newark-Jersey City, NY-NJ-PA","36","New York","081","Queens","40.73614","-73.82153"
"01/05/2020","AQS","360810124","4","0.7","ug/m3 LC","3","QUEENS COLLEGE 2","1","100.0000","88101","PM2.5 - Local Conditions","35620","New York-Newark-Jersey City, NY-NJ-PA","36","New York","081","Queens","40.73614","-73.82153"
"01/06/2020","AQS","360810124","4","5.8","ug/m3 LC","24","QUEENS COLLEGE 2","1","100.0000","88101","PM2.5 - Local Conditions","35620","New York-Newark-Jersey City, NY-NJ-PA","36","New York","081","Queens","40.73614","-73.82153"
"01/07/2020","AQS","360810124","4","6.7","ug/m3 LC","28","QUEENS COLLEGE 2","1","100.0000","88101","PM2.5 - Local Conditions","35620","New York-Newark-Jersey City, NY-NJ-PA","36","New York","081","Queens","40.73614","-73.82153"
"01/08/2020","AQS","360810124","4","5.5","ug/m3 LC","23","QUEENS COLLEGE 2","1","100.0000","88101","PM2.5 - Local Conditions","35620","New York-Newark-Jersey City, NY-NJ-PA","36","New York","081","Queens","40.73614","-73.82153"
"01/09/2020","AQS","360810124","4","3.1","ug/m3 LC","13","QUEENS COLLEGE 2","1","100.0000","88101","PM2.5 - Local Conditions","35620","New York-Newark-Jersey City, NY-NJ-PA","36","New York","081","Queens","40.73614","-73.82153"
"01/10/2020","AQS","360810124","4","5.7","ug/m3 LC","24","QUEENS COLLEGE 2","1","100.0000","88101","PM2.5 - Local Conditions","35620","New York-Newark-Jersey City, NY-NJ-PA","36","New York","081","Queens","40.73614","-73.82153"
"01/11/2020","AQS","360810124","4","4.4","ug/m3 LC","18","QUEENS COLLEGE 2","1","100.0000","88101","PM2.5 - Local Conditions","35620","New York-Newark-Jersey City, NY-NJ-PA","36","New York","081","Queens","40.73614","-73.82153"
"01/12/2020","AQS","360810124","4","2","ug/m3 LC","8","QUEENS COLLEGE 2","1","100.0000","88101","PM2.5 - Local Conditions","35620","New York-Newark-Jersey City, NY-NJ-PA","36","New York","081","Queens","40.73614","-73.82153"
"01/13/2020","AQS","360810124","4","2.2","ug/m3 LC","9","QUEENS COLLEGE 2","1","100.0000","88101","PM2.5 - Local Conditions","35620","New York-Newark-Jersey City, NY-NJ-PA","36","New York","081","Queens","40.73614","-73.82153"
"01/14/2020","AQS","360810124","4","7.9","ug/m3 LC","33","QUEENS COLLEGE 2","1","100.0000","88101","PM2.5 - Local Conditions","35620","New York-Newark-Jersey City, NY-NJ-PA","36","New York","081","Queens","40.73614","-73.82153"
"01/15/2020","AQS","360810124","4","12.1","ug/m3 LC","51","QUEENS COLLEGE 2","1","100.0000","88101","PM2.5 - Local Conditions","35620","New York-Newark-Jersey City, NY-NJ-PA","36","New York","081","Queens","40.73614","-73.82153"
"01/16/2020","AQS","360810124","4","6.8","ug/m3 LC","28","QUEENS COLLEGE 2","1","100.0000","88101","PM2.5 - Local Conditions","35620","New York-Newark-Jersey City, NY-NJ-PA","36","New York","081","Queens","40.73614","-73.82153"
"01/17/2020","AQS","360810124","4","2.1","ug/m3 LC","9","QUEENS COLLEGE 2","1","100.0000","88101","PM2.5 - Local Conditions","35620","New York-Newark-Jersey City, NY-NJ-PA","36","New York","081","Queens","40.73614","-73.82153"
"01/18/2020","AQS","360810124","4","3.3","ug/m3 LC","14","QUEENS COLLEGE 2","1","100.0000","88101","PM2.5 - Local Conditions","35620","New York-Newark-Jersey City, NY-NJ-PA","36","New York","081","Queens","40.73614","-73.82153"
"01/19/2020","AQS","360810124","4","3.7","ug/m3 LC","15","QUEENS COLLEGE 2","1","100.0000","88101","PM2.5 - Local Conditions","35620","New York-Newark-Jersey City, NY-NJ-PA","36","New York","081","Queens","40.73614","-73.82153"
"01/20/2020","AQS","360810124","4","2.3","ug/m3 LC","10","QUEENS COLLEGE 2","1","100.0000","88101","PM2.5 - Local Conditions","35620","New York-Newark-Jersey City, NY-NJ-PA","36","New York","081","Queens","40.73614","-73.82153"
"01/21/2020","AQS","360810124","4","4.3","ug/m3 LC","18","QUEENS COLLEGE 2","1","100.0000","88101","PM2.5 - Local Conditions","35620","New York-Newark-Jersey City, NY-NJ-PA","36","New York","081","Queens","40.73614","-73.82153"
"01/22/2020","AQS","360810124","4","10","ug/m3 LC","42","QUEENS COLLEGE 2","1","100.0000","88101","PM2.5 - Local Conditions","35620","New York-Newark-Jersey City, NY-NJ-PA","36","New York","081","Queens","40.73614","-73.82153"
"01/23/2020","AQS","360810124","4","19","ug/m3 LC","66","QUEENS COLLEGE 2","1","100.0000","88101","PM2.5 - Local Conditions","35620","New York-Newark-Jersey City, NY-NJ-PA","36","New York","081","Queens","40.73614","-73.82153"
"01/24/2020","AQS","360810124","4","18.3","ug/m3 LC","64","QUEENS COLLEGE 2","1","100.0000","88101","PM2.5 - Local Conditions","35620","New York-Newark-Jersey City, NY-NJ-PA","36","New York","081","Queens","40.73614","-73.82153"
"01/25/2020","AQS","360810124","4","4.9","ug/m3 LC","20","QUEENS COLLEGE 2","1","100.0000","88101","PM2.5 - Local Conditions","35620","New York-Newark-Jersey City, NY-NJ-PA","36","New York","081","Queens","40.73614","-73.82153"
"01/26/2020","AQS","360810124","4","4","ug/m3 LC","17","QUEENS COLLEGE 2","1","100.0000","88101","PM2.5 - Local Conditions","35620","New York-Newark-Jersey City, NY-NJ-PA","36","New York","081","Queens","40.73614","-73.82153"
"01/27/2020","AQS","360810124","4","4.7","ug/m3 LC","20","QUEENS COLLEGE 2","1","100.0000","88101","PM2.5 - Local Conditions","35620","New York-Newark-Jersey City, NY-NJ-PA","36","New York","081","Queens","40.73614","-73.82153"
"01/28/2020","AQS","360810124","4","1.8","ug/m3 LC","8","QUEENS COLLEGE 2","1","100.0000","88101","PM2.5 - Local Conditions","35620","New York-Newark-Jersey City, NY-NJ-PA","36","New York","081","Queens","40.73614","-73.82153"
"01/29/2020","AQS","360810124","4","2","ug/m3 LC","8","QUEENS COLLEGE 2","1","100.0000","88101","PM2.5 - Local Conditions","35620","New York-Newark-Jersey City, NY-NJ-PA","36","New York","081","Queens","40.73614","-73.82153"
"01/30/2020","AQS","360810124","4","4.4","ug/m3 LC","18","QUEENS COLLEGE 2","1","100.0000","88101","PM2.5 - Local Conditions","35620","New York-Newark-Jersey City, NY-NJ-PA","36","New York","081","Queens","40.73614","-73.82153"
"01/31/2020","AQS","360810124","4","5.1","ug/m3 LC","21","QUEENS COLLEGE 2","1","100.0000","88101","PM2.5 - Local Conditions","35620","New York-Newark-Jersey City, NY-NJ-PA","36","New York","081","Queens","40.73614","-73.82153"
"02/01/2020","AQS","360810124","4","16.1","ug/m3 LC","59","QUEENS COLLEGE 2","1","100.0000","88101","PM2.5 - Local Conditions","35620","New York-Newark-Jersey City, NY-NJ-PA","36","New York","081","Queens","40.73614","-73.82153"
"02/02/2020","AQS","360810124","4","11.1","ug/m3 LC","46","QUEENS COLLEGE 2","1","100.0000","88101","PM2.5 - Local Conditions","35620","New York-Newark-Jersey City, NY-NJ-PA","36","New York","081","Queens","40.73614","-73.82153"
"02/03/2020","AQS","360810124","4","8.6","ug/m3 LC","36","QUEENS COLLEGE 2","1","100.0000","88101","PM2.5 - Local Conditions","35620","New York-Newark-Jersey City, NY-NJ-PA","36","New York","081","Queens","40.73614","-73.82153"
"02/04/2020","AQS","360810124","4","14.2","ug/m3 LC","55","QUEENS COLLEGE 2","1","100.0000","88101","PM2.5 - Local Conditions","35620","New York-Newark-Jersey City, NY-NJ-PA","36","New York","081","Queens","40.73614","-73.82153"
"02/05/2020","AQS","360810124","4","3.7","ug/m3 LC","15","QUEENS COLLEGE 2","1","100.0000","88101","PM2.5 - Local Conditions","35620","New York-Newark-Jersey City, NY-NJ-PA","36","New York","081","Queens","40.73614","-73.82153"
"02/06/2020","AQS","360810124","4","4.3","ug/m3 LC","18","QUEENS COLLEGE 2","1","100.0000","88101","PM2.5 - Local Conditions","35620","New York-Newark-Jersey City, NY-NJ-PA","36","New York","081","Queens","40.73614","-73.82153"
"02/07/2020","AQS","360810124","4","5.3","ug/m3 LC","22","QUEENS COLLEGE 2","1","100.0000","88101","PM2.5 - Local Conditions","35620","New York-Newark-Jersey City, NY-NJ-PA","36","New York","081","Queens","40.73614","-73.82153"
"02/08/2020","AQS","360810124","4","4.6","ug/m3 LC","19","QUEENS COLLEGE 2","1","100.0000","88101","PM2.5 - Local Conditions","35620","New York-Newark-Jersey City, NY-NJ-PA","36","New York","081","Queens","40.73614","-73.82153"
"02/09/2020","AQS","360810124","4","7","ug/m3 LC","29","QUEENS COLLEGE 2","1","100.0000","88101","PM2.5 - Local Conditions","35620","New York-Newark-Jersey City, NY-NJ-PA","36","New York","081","Queens","40.73614","-73.82153"
"02/10/2020","AQS","360810124","4","6.9","ug/m3 LC","29","QUEENS COLLEGE 2","1","100.0000","88101","PM2.5 - Local Conditions","35620","New York-Newark-Jersey City, NY-NJ-PA","36","New York","081","Queens","40.73614","-73.82153"
"02/11/2020","AQS","360810124","4","5.8","ug/m3 LC","24","QUEENS COLLEGE 2","1","100.0000","88101","PM2.5 - Local Conditions","35620","New York-Newark-Jersey City, NY-NJ-PA","36","New York","081","Queens","40.73614","-73.82153"
"02/12/2020","AQS","360810124","4","7.5","ug/m3 LC","31","QUEENS COLLEGE 2","1","100.0000","88101","PM2.5 - Local Conditions","35620","New York-Newark-Jersey City, NY-NJ-PA","36","New York","081","Queens","40.73614","-73.82153"
"02/13/2020","AQS","360810124","4","6.3","ug/m3 LC","26","QUEENS COLLEGE 2","1","100.0000","88101","PM2.5 - Local Conditions","35620","New York-Newark-Jersey City, NY-NJ-PA","36","New York","081","Queens","40.73614","-73.82153"
"02/14/2020","AQS","360810124","4","3.2","ug/m3 LC","13","QUEENS COLLEGE 2","1","100.0000","88101","PM2.5 - Local Conditions","35620","New York-Newark-Jersey City, NY-NJ-PA","36","New York","081","Queens","40.73614","-73.82153"
"02/15/2020","AQS","360810124","4","5","ug/m3 LC","21","QUEENS COLLEGE 2","1","100.0000","88101","PM2.5 - Local Conditions","35620","New York-Newark-Jersey City, NY-NJ-PA","36","New York","081","Queens","40.73614","-73.82153"
"02/16/2020","AQS","360810124","4","8.2","ug/m3 LC","34","QUEENS COLLEGE 2","1","100.0000","88101","PM2.5 - Local Conditions","35620","New York-Newark-Jersey City, NY-NJ-PA","36","New York","081","Queens","40.73614","-73.82153"
"02/17/2020","AQS","360810124","4","9.8","ug/m3 LC","41","QUEENS COLLEGE 2","1","100.0000","88101","PM2.5 - Local Conditions","35620","New York-Newark-Jersey City, NY-NJ-PA","36","New York","081","Queens","40.73614","-73.82153"
"02/18/2020","AQS","360810124","4","7.5","ug/m3 LC","31","QUEENS COLLEGE 2","1","100.0000","88101","PM2.5 - Local Conditions","35620","New York-Newark-Jersey City, NY-NJ-PA","36","New York","081","Queens","40.73614","-73.82153"
"02/19/2020","AQS","360810124","4","5.9","ug/m3 LC","25","QUEENS COLLEGE 2","1","100.0000","88101","PM2.5 - Local Conditions","35620","New York-Newark-Jersey City, NY-NJ-PA","36","New York","081","Queens","40.73614","-73.82153"
"02/20/2020","AQS","360810124","4","3.2","ug/m3 LC","13","QUEENS COLLEGE 2","1","100.0000","88101","PM2.5 - Local Conditions","35620","New York-Newark-Jersey City, NY-NJ-PA","36","New York","081","Queens","40.73614","-73.82153"
"02/21/2020","AQS","360810124","4","3.1","ug/m3 LC","13","QUEENS COLLEGE 2","1","100.0000","88101","PM2.5 - Local Conditions","35620","New York-Newark-Jersey City, NY-NJ-PA","36","New York","081","Queens","40.73614","-73.82153"
"02/22/2020","AQS","360810124","4","8.4","ug/m3 LC","35","QUEENS COLLEGE 2","1","100.0000","88101","PM2.5 - Local Conditions","35620","New York-Newark-Jersey City, NY-NJ-PA","36","New York","081","Queens","40.73614","-73.82153"
"02/23/2020","AQS","360810124","4","11.2","ug/m3 LC","47","QUEENS COLLEGE 2","1","100.0000","88101","PM2.5 - Local Conditions","35620","New York-Newark-Jersey City, NY-NJ-PA","36","New York","081","Queens","40.73614","-73.82153"
"02/24/2020","AQS","360810124","4","13.4","ug/m3 LC","54","QUEENS COLLEGE 2","1","100.0000","88101","PM2.5 - Local Conditions","35620","New York-Newark-Jersey City, NY-NJ-PA","36","New York","081","Queens","40.73614","-73.82153"
"02/25/2020","AQS","360810124","4","9.5","ug/m3 LC","40","QUEENS COLLEGE 2","1","100.0000","88101","PM2.5 - Local Conditions","35620","New York-Newark-Jersey City, NY-NJ-PA","36","New York","081","Queens","40.73614","-73.82153"
"02/26/2020","AQS","360810124","4","4.6","ug/m3 LC","19","QUEENS COLLEGE 2","1","100.0000","88101","PM2.5 - Local Conditions","35620","New York-Newark-Jersey City, NY-NJ-PA","36","New York","081","Queens","40.73614","-73.82153"
"02/27/2020","AQS","360810124","4","1.2","ug/m3 LC","5","QUEENS COLLEGE 2","1","100.0000","88101","PM2.5 - Local Conditions","35620","New York-Newark-Jersey City, NY-NJ-PA","36","New York","081","Queens","40.73614","-73.82153"
"02/28/2020","AQS","360810124","4","5.8","ug/m3 LC","24","QUEENS COLLEGE 2","1","100.0000","88101","PM2.5 - Local Conditions","35620","New York-Newark-Jersey City, NY-NJ-PA","36","New York","081","Queens","40.73614","-73.82153"
"02/29/2020","AQS","360810124","4","2.6","ug/m3 LC","11","QUEENS COLLEGE 2","1","100.0000","88101","PM2.5 - Local Conditions","35620","New York-Newark-Jersey City, NY-NJ-PA","36","New York","081","Queens","40.73614","-73.82153"
"03/01/2020","AirNow","360810124","4","4.2","ug/m3 LC","18","QUEENS COLLEGE 2","1","100.0000","88101","PM2.5 - Local Conditions","35620","New York-Newark-Jersey City, NY-NJ-PA","36","New York","081","Queens","40.73614","-73.82153"
"03/02/2020","AirNow","360810124","4","10.3","ug/m3 LC","43","QUEENS COLLEGE 2","1","100.0000","88101","PM2.5 - Local Conditions","35620","New York-Newark-Jersey City, NY-NJ-PA","36","New York","081","Queens","40.73614","-73.82153"
"03/03/2020","AirNow","360810124","4","11.2","ug/m3 LC","47","QUEENS COLLEGE 2","1","100.0000","88101","PM2.5 - Local Conditions","35620","New York-Newark-Jersey City, NY-NJ-PA","36","New York","081","Queens","40.73614","-73.82153"
"03/04/2020","AirNow","360810124","4","4","ug/m3 LC","17","QUEENS COLLEGE 2","1","100.0000","88101","PM2.5 - Local Conditions","35620","New York-Newark-Jersey City, NY-NJ-PA","36","New York","081","Queens","40.73614","-73.82153"
"03/05/2020","AirNow","360810124","4","4","ug/m3 LC","17","QUEENS COLLEGE 2","1","100.0000","88101","PM2.5 - Local Conditions","35620","New York-Newark-Jersey City, NY-NJ-PA","36","New York","081","Queens","40.73614","-73.82153"
"03/06/2020","AirNow","360810124","4","4.6","ug/m3 LC","19","QUEENS COLLEGE 2","1","100.0000","88101","PM2.5 - Local Conditions","35620","New York-Newark-Jersey City, NY-NJ-PA","36","New York","081","Queens","40.73614","-73.82153"
"03/07/2020","AirNow","360810124","4","0.8","ug/m3 LC","3","QUEENS COLLEGE 2","1","100.0000","88101","PM2.5 - Local Conditions","35620","New York-Newark-Jersey City, NY-NJ-PA","36","New York","081","Queens","40.73614","-73.82153"
"03/08/2020","AirNow","360810124","4","3.4","ug/m3 LC","14","QUEENS COLLEGE 2","1","100.0000","88101","PM2.5 - Local Conditions","35620","New York-Newark-Jersey City, NY-NJ-PA","36","New York","081","Queens","40.73614","-73.82153"
"03/09/2020","AirNow","360810124","4","10","ug/m3 LC","42","QUEENS COLLEGE 2","1","100.0000","88101","PM2.5 - Local Conditions","35620","New York-Newark-Jersey City, NY-NJ-PA","36","New York","081","Queens","40.73614","-73.82153"
"03/10/2020","AirNow","360810124","4","8.2","ug/m3 LC","34","QUEENS COLLEGE 2","1","100.0000","88101","PM2.5 - Local Conditions","35620","New York-Newark-Jersey City, NY-NJ-PA","36","New York","081","Queens","40.73614","-73.82153"
"03/11/2020","AirNow","360810124","4","4","ug/m3 LC","17","QUEENS COLLEGE 2","1","100.0000","88101","PM2.5 - Local Conditions","35620","New York-Newark-Jersey City, NY-NJ-PA","36","New York","081","Queens","40.73614","-73.82153"
"03/12/2020","AirNow","360810124","4","5.8","ug/m3 LC","24","QUEENS COLLEGE 2","1","100.0000","88101","PM2.5 - Local Conditions","35620","New York-Newark-Jersey City, NY-NJ-PA","36","New York","081","Queens","40.73614","-73.82153"
"03/13/2020","AirNow","360810124","4","2.6","ug/m3 LC","11","QUEENS COLLEGE 2","1","100.0000","88101","PM2.5 - Local Conditions","35620","New York-Newark-Jersey City, NY-NJ-PA","36","New York","081","Queens","40.73614","-73.82153"
"03/14/2020","AirNow","360810124","4","1","ug/m3 LC","4","QUEENS COLLEGE 2","1","100.0000","88101","PM2.5 - Local Conditions","35620","New York-Newark-Jersey City, NY-NJ-PA","36","New York","081","Queens","40.73614","-73.82153"
"03/15/2020","AirNow","360810124","4","2.1","ug/m3 LC","9","QUEENS COLLEGE 2","1","100.0000","88101","PM2.5 - Local Conditions","35620","New York-Newark-Jersey City, NY-NJ-PA","36","New York","081","Queens","40.73614","-73.82153"
"03/16/2020","AirNow","360810124","4","2.1","ug/m3 LC","9","QUEENS COLLEGE 2","1","100.0000","88101","PM2.5 - Local Conditions","35620","New York-Newark-Jersey City, NY-NJ-PA","36","New York","081","Queens","40.73614","-73.82153"
"03/17/2020","AirNow","360810124","4","3.8","ug/m3 LC","16","QUEENS COLLEGE 2","1","100.0000","88101","PM2.5 - Local Conditions","35620","New York-Newark-Jersey City, NY-NJ-PA","36","New York","081","Queens","40.73614","-73.82153"
"03/18/2020","AirNow","360810124","4","5.4","ug/m3 LC","23","QUEENS COLLEGE 2","1","100.0000","88101","PM2.5 - Local Conditions","35620","New York-Newark-Jersey City, NY-NJ-PA","36","New York","081","Queens","40.73614","-73.82153"
"03/19/2020","AirNow","360810124","4","2.9","ug/m3 LC","12","QUEENS COLLEGE 2","1","100.0000","88101","PM2.5 - Local Conditions","35620","New York-Newark-Jersey City, NY-NJ-PA","36","New York","081","Queens","40.73614","-73.82153"
"03/20/2020","AirNow","360810124","4","8.5","ug/m3 LC","35","QUEENS COLLEGE 2","1","100.0000","88101","PM2.5 - Local Conditions","35620","New York-Newark-Jersey City, NY-NJ-PA","36","New York","081","Queens","40.73614","-73.82153"
"03/21/2020","AirNow","360810124","4","1.2","ug/m3 LC","5","QUEENS COLLEGE 2","1","100.0000","88101","PM2.5 - Local Conditions","35620","New York-Newark-Jersey City, NY-NJ-PA","36","New York","081","Queens","40.73614","-73.82153"
"03/22/2020","AirNow","360810124","4","3.1","ug/m3 LC","13","QUEENS COLLEGE 2","1","100.0000","88101","PM2.5 - Local Conditions","35620","New York-Newark-Jersey City, NY-NJ-PA","36","New York","081","Queens","40.73614","-73.82153"
"03/23/2020","AirNow","360810124","4","2.5","ug/m3 LC","10","QUEENS COLLEGE 2","1","100.0000","88101","PM2.5 - Local Conditions","35620","New York-Newark-Jersey City, NY-NJ-PA","36","New York","081","Queens","40.73614","-73.82153"
"03/24/2020","AirNow","360810124","4","1.8","ug/m3 LC","8","QUEENS COLLEGE 2","1","100.0000","88101","PM2.5 - Local Conditions","35620","New York-Newark-Jersey City, NY-NJ-PA","36","New York","081","Queens","40.73614","-73.82153"
"03/25/2020","AirNow","360810124","4","2.8","ug/m3 LC","12","QUEENS COLLEGE 2","1","100.0000","88101","PM2.5 - Local Conditions","35620","New York-Newark-Jersey City, NY-NJ-PA","36","New York","081","Queens","40.73614","-73.82153"
"03/26/2020","AirNow","360810124","4","5","ug/m3 LC","21","QUEENS COLLEGE 2","1","100.0000","88101","PM2.5 - Local Conditions","35620","New York-Newark-Jersey City, NY-NJ-PA","36","New York","081","Queens","40.73614","-73.82153"
"03/27/2020","AirNow","360810124","4","5","ug/m3 LC","21","QUEENS COLLEGE 2","1","100.0000","88101","PM2.5 - Local Conditions","35620","New York-Newark-Jersey City, NY-NJ-PA","36","New York","081","Queens","40.73614","-73.82153"
"03/28/2020","AirNow","360810124","4","2.8","ug/m3 LC","12","QUEENS COLLEGE 2","1","100.0000","88101","PM2.5 - Local Conditions","35620","New York-Newark-Jersey City, NY-NJ-PA","36","New York","081","Queens","40.73614","-73.82153"
"03/29/2020","AirNow","360810124","4","0","ug/m3 LC","0","QUEENS COLLEGE 2","1","100.0000","88101","PM2.5 - Local Conditions","35620","New York-Newark-Jersey City, NY-NJ-PA","36","New York","081","Queens","40.73614","-73.82153"
"03/30/2020","AirNow","360810124","4","3.7","ug/m3 LC","15","QUEENS COLLEGE 2","1","100.0000","88101","PM2.5 - Local Conditions","35620","New York-Newark-Jersey City, NY-NJ-PA","36","New York","081","Queens","40.73614","-73.82153"
"03/31/2020","AirNow","360810124","4","1.7","ug/m3 LC","7","QUEENS COLLEGE 2","1","100.0000","88101","PM2.5 - Local Conditions","35620","New York-Newark-Jersey City, NY-NJ-PA","36","New York","081","Queens","40.73614","-73.82153"
"04/01/2020","AirNow","360810124","4","2.6","ug/m3 LC","11","QUEENS COLLEGE 2","1","100.0000","88101","PM2.5 - Local Conditions","35620","New York-Newark-Jersey City, NY-NJ-PA","36","New York","081","Queens","40.73614","-73.82153"
"04/02/2020","AirNow","360810124","4","1.7","ug/m3 LC","7","QUEENS COLLEGE 2","1","100.0000","88101","PM2.5 - Local Conditions","35620","New York-Newark-Jersey City, NY-NJ-PA","36","New York","081","Queens","40.73614","-73.82153"
"04/03/2020","AirNow","360810124","4","0.3","ug/m3 LC","1","QUEENS COLLEGE 2","1","100.0000","88101","PM2.5 - Local Conditions","35620","New York-Newark-Jersey City, NY-NJ-PA","36","New York","081","Queens","40.73614","-73.82153"
"04/04/2020","AirNow","360810124","4","1.2","ug/m3 LC","5","QUEENS COLLEGE 2","1","100.0000","88101","PM2.5 - Local Conditions","35620","New York-Newark-Jersey City, NY-NJ-PA","36","New York","081","Queens","40.73614","-73.82153"
"04/05/2020","AirNow","360810124","4","7.5","ug/m3 LC","31","QUEENS COLLEGE 2","1","100.0000","88101","PM2.5 - Local Conditions","35620","New York-Newark-Jersey City, NY-NJ-PA","36","New York","081","Queens","40.73614","-73.82153"
"04/06/2020","AirNow","360810124","4","3.9","ug/m3 LC","16","QUEENS COLLEGE 2","1","100.0000","88101","PM2.5 - Local Conditions","35620","New York-Newark-Jersey City, NY-NJ-PA","36","New York","081","Queens","40.73614","-73.82153"
"04/07/2020","AirNow","360810124","4","3.9","ug/m3 LC","16","QUEENS COLLEGE 2","1","100.0000","88101","PM2.5 - Local Conditions","35620","New York-Newark-Jersey City, NY-NJ-PA","36","New York","081","Queens","40.73614","-73.82153"
"04/08/2020","AirNow","360810124","4","9.6","ug/m3 LC","40","QUEENS COLLEGE 2","1","100.0000","88101","PM2.5 - Local Conditions","35620","New York-Newark-Jersey City, NY-NJ-PA","36","New York","081","Queens","40.73614","-73.82153"
"04/09/2020","AirNow","360810124","4","4.2","ug/m3 LC","18","QUEENS COLLEGE 2","1","100.0000","88101","PM2.5 - Local Conditions","35620","New York-Newark-Jersey City, NY-NJ-PA","36","New York","081","Queens","40.73614","-73.82153"
"04/10/2020","AirNow","360810124","4","1.1","ug/m3 LC","5","QUEENS COLLEGE 2","1","100.0000","88101","PM2.5 - Local Conditions","35620","New York-Newark-Jersey City, NY-NJ-PA","36","New York","081","Queens","40.73614","-73.82153"
"04/11/2020","AirNow","360810124","4","1.7","ug/m3 LC","7","QUEENS COLLEGE 2","1","100.0000","88101","PM2.5 - Local Conditions","35620","New York-Newark-Jersey City, NY-NJ-PA","36","New York","081","Queens","40.73614","-73.82153"
"04/12/2020","AirNow","360810124","4","5.8","ug/m3 LC","24","QUEENS COLLEGE 2","1","100.0000","88101","PM2.5 - Local Conditions","35620","New York-Newark-Jersey City, NY-NJ-PA","36","New York","081","Queens","40.73614","-73.82153"
"04/13/2020","AirNow","360810124","4","3.3","ug/m3 LC","14","QUEENS COLLEGE 2","1","100.0000","88101","PM2.5 - Local Conditions","35620","New York-Newark-Jersey City, NY-NJ-PA","36","New York","081","Queens","40.73614","-73.82153"
"04/14/2020","AirNow","360810124","4","2.4","ug/m3 LC","10","QUEENS COLLEGE 2","1","100.0000","88101","PM2.5 - Local Conditions","35620","New York-Newark-Jersey City, NY-NJ-PA","36","New York","081","Queens","40.73614","-73.82153"
"04/15/2020","AirNow","360810124","4","3.3","ug/m3 LC","14","QUEENS COLLEGE 2","1","100.0000","88101","PM2.5 - Local Conditions","35620","New York-Newark-Jersey City, NY-NJ-PA","36","New York","081","Queens","40.73614","-73.82153"
"04/16/2020","AirNow","360810124","4","3.8","ug/m3 LC","16","QUEENS COLLEGE 2","1","100.0000","88101","PM2.5 - Local Conditions","35620","New York-Newark-Jersey City, NY-NJ-PA","36","New York","081","Queens","40.73614","-73.82153"
"04/17/2020","AirNow","360810124","4","5.9","ug/m3 LC","25","QUEENS COLLEGE 2","1","100.0000","88101","PM2.5 - Local Conditions","35620","New York-Newark-Jersey City, NY-NJ-PA","36","New York","081","Queens","40.73614","-73.82153"
"04/18/2020","AirNow","360810124","4","4.2","ug/m3 LC","18","QUEENS COLLEGE 2","1","100.0000","88101","PM2.5 - Local Conditions","35620","New York-Newark-Jersey City, NY-NJ-PA","36","New York","081","Queens","40.73614","-73.82153"
"04/19/2020","AirNow","360810124","4","6.5","ug/m3 LC","27","QUEENS COLLEGE 2","1","100.0000","88101","PM2.5 - Local Conditions","35620","New York-Newark-Jersey City, NY-NJ-PA","36","New York","081","Queens","40.73614","-73.82153"
"04/20/2020","AirNow","360810124","4","2.4","ug/m3 LC","10","QUEENS COLLEGE 2","1","100.0000","88101","PM2.5 - Local Conditions","35620","New York-Newark-Jersey City, NY-NJ-PA","36","New York","081","Queens","40.73614","-73.82153"
"04/21/2020","AirNow","360810124","4","3.7","ug/m3 LC","15","QUEENS COLLEGE 2","1","100.0000","88101","PM2.5 - Local Conditions","35620","New York-Newark-Jersey City, NY-NJ-PA","36","New York","081","Queens","40.73614","-73.82153"
"04/22/2020","AirNow","360810124","4","1.2","ug/m3 LC","5","QUEENS COLLEGE 2","1","100.0000","88101","PM2.5 - Local Conditions","35620","New York-Newark-Jersey City, NY-NJ-PA","36","New York","081","Queens","40.73614","-73.82153"
"04/23/2020","AirNow","360810124","4","6.3","ug/m3 LC","26","QUEENS COLLEGE 2","1","100.0000","88101","PM2.5 - Local Conditions","35620","New York-Newark-Jersey City, NY-NJ-PA","36","New York","081","Queens","40.73614","-73.82153"
"04/24/2020","AirNow","360810124","4","3.5","ug/m3 LC","15","QUEENS COLLEGE 2","1","100.0000","88101","PM2.5 - Local Conditions","35620","New York-Newark-Jersey City, NY-NJ-PA","36","New York","081","Queens","40.73614","-73.82153"
"04/25/2020","AirNow","360810124","4","6.4","ug/m3 LC","27","QUEENS COLLEGE 2","1","100.0000","88101","PM2.5 - Local Conditions","35620","New York-Newark-Jersey City, NY-NJ-PA","36","New York","081","Queens","40.73614","-73.82153"
